difficulty,greek,pronunciation,meaning
1,νε-ρό,ne-RO,water
1,φως,fos,light
1,γά-τα,GA-ta,cat
1,σπί-τι,SPEE-ti,house
1,παι-δί,pe-THEE,child
1,μά-μα,MA-ma,mom
1,φί-λος,FEE-los,friend
1,καρ-δι-ά,kar-thee-A,heart
1,ψω-μί,pso-MEE,bread
1,γά-λα,GA-la,milk
1,σκύ-λος,SKEE-los,dog
1,μπά-λα,BA-la,ball
1,βι-βλί-ο,vi-VLEE-o,book
1,χέ-ρι,KHE-ri,hand
1,μά-τι,MA-ti,eye
1,αυ-τί,af-TEE,ear
1,στό-μα,STO-ma,mouth
1,μύ-τη,MEE-ti,nose
1,δέν-τρο,THEN-tro,tree
1,λου-λού-δι,lu-LU-thi,flower
1,ή-λι-ος,EE-li-os,sun
1,φε-γγά-ρι,fe-GA-ri,moon
1,α-στέ-ρι,a-STE-ri,star
1,θά-λασ-σα,THA-las-sa,sea
1,βου-νό,vu-NO,mountain
1,δρό-μος,THRO-mos,street
1,αυ-το-κί-νη-το,af-to-KEE-ni-to,car
1,λε-ω-φο-ρεί-ο,le-o-fo-REE-o,bus
1,τραί-νο,TRE-no,train
1,α-ε-ρο-πλά-νο,a-e-ro-PLA-no,airplane
1,κα-ρέ-κλα,ka-RE-kla,chair
1,τρα-πέ-ζι,tra-PE-zi,table
1,κρε-βά-τι,kre-VA-ti,bed
1,πόρ-τα,POR-ta,door
1,πα-ρά-θυ-ρο,pa-RA-thi-ro,window
1,κλει-δί,kli-THEE,key
1,τη-λέ-φω-νο,ti-LE-fo-no,telephone
1,υ-πο-λο-γι-στής,i-po-lo-yi-STEES,computer
1,τη-λε-ό-ρα-ση,ti-le-O-ra-si,television
1,ρα-δι-ό-φω-νο,ra-thi-O-fo-no,radio
1,ρο-λό-ι,ro-LO-i,clock
1,κα-θρέ-φτης,ka-THREF-tis,mirror
1,σα-πού-νι,sa-PU-ni,soap
1,οδον-τό-βουρ-τσα,o-thon-TO-vur-tsa,toothbrush
1,πετ-σέ-τα,pet-SE-ta,towel
1,κου-ζί-να,ku-ZEE-na,kitchen
1,μπά-νι-ο,BA-ni-o,bathroom
1,σα-λό-νι,sa-LO-ni,living room
1,υ-πνο-δω-μά-τι-ο,ip-no-tho-MA-ti-o,bedroom
1,κή-πος,KEE-pos,garden
1,αν-θρώ-πι-νος,an-THRO-pi-nos,human
1,άν-δρας,AN-tras,man
1,γυ-ναί-κα,yi-NE-ka,woman
2,άν-θρω-πος,AN-thro-pos,person
2,ε-λευ-θε-ρί-α,e-lef-the-REE-a,freedom
2,οι-κο-γέ-νει-α,i-ko-YE-ni-a,family
2,πα-νε-πι-στή-μι-ο,pa-ne-pi-STEE-mi-o,university
2,δη-μο-κρα-τί-α,thi-mo-kra-TEE-a,democracy
2,φι-λο-σο-φί-α,fi-lo-so-FEE-a,philosophy
2,τε-χνο-λο-γί-α,te-khno-lo-YEE-a,technology
2,πε-ρι-βάλ-λον,pe-ri-VA-lon,environment
2,ε-κπαί-δευ-ση,e-kpe-thef-si,education
2,υ-γεί-α,i-YEE-a,health
2,ε-ρ-γα-σί-α,er-ga-SEE-a,work
2,πο-λι-τι-σμός,po-li-ti-SMOS,culture
2,ι-στο-ρί-α,i-sto-REE-a,history
2,γε-ω-γρα-φί-α,ye-o-gra-FEE-a,geography
2,μα-θη-μα-τι-κά,ma-thi-ma-ti-KA,mathematics
2,φυ-σι-κή,fi-si-KEE,physics
2,χη-μεί-α,khi-MEE-a,chemistry
2,βι-ο-λο-γί-α,vi-o-lo-YEE-a,biology
2,ψυ-χο-λο-γί-α,psi-kho-lo-YEE-a,psychology
2,κοι-νω-νι-ο-λο-γί-α,ki-no-ni-o-lo-YEE-a,sociology
2,οι-κο-νο-μί-α,i-ko-no-MEE-a,economics
2,πο-λι-τι-κή,po-li-ti-KEE,politics
2,νο-μι-κή,no-mi-KEE,law
2,ι-α-τρι-κή,i-a-tri-KEE,medicine
2,αρ-χι-τε-κτο-νι-κή,ar-khi-te-kto-ni-KEE,architecture
2,μη-χα-νι-κή,mi-kha-ni-KEE,engineering
2,τέ-χνη,TE-khni,art
2,μου-σι-κή,mu-si-KEE,music
2,θέ-α-τρο,THE-a-tro,theater
2,κι-νη-μα-το-γρά-φος,ki-ni-ma-to-GRA-fos,cinema
2,λο-γο-τε-χνί-α,lo-go-te-khni-a,literature
2,ποί-η-ση,pi-i-si,poetry
2,α-θλη-τι-σμός,a-thli-ti-SMOS,sports
2,πο-δό-σφαι-ρο,po-THO-sfe-ro,football
2,κο-λύμ-βη-ση,ko-LIM-vi-si,swimming
2,γυ-μνα-στι-κή,yim-na-sti-KEE,gymnastics
2,τε-νις,te-nis,tennis
2,μπά-σκετ,ba-sket,basketball
2,βό-λεϊ,vo-li,volleyball
2,α-ε-ρο-πο-ρί-α,a-e-ro-po-REE-a,aviation
2,ναυ-τι-λί-α,naf-ti-LEE-a,navigation
2,τουρι-σμός,tu-ri-SMOS,tourism
2,ξε-νο-δο-χεί-ο,kse-no-tho-KHEE-o,hotel
2,ε-στι-α-τό-ρι-ο,e-sti-a-TO-ri-o,restaurant
2,κα-φε-νεί-ο,ka-fe-NEE-o,café
2,α-γο-ρά,a-go-RA,market
2,κα-τά-στη-μα,ka-TA-sti-ma,store
2,τρά-πε-ζα,TRA-pe-za,bank
2,νο-σο-κο-μεί-ο,no-so-ko-MEE-o,hospital
2,σχο-λεί-ο,skho-LEE-o,school
2,βι-βλι-ο-θή-κη,vi-vli-o-THEE-ki,library
2,μου-σεί-ο,mu-SEE-o,museum
2,πάρ-κο,PAR-ko,park
2,πλα-τεί-α,pla-TEE-a,square
2,εκ-κλη-σί-α,e-kli-SEE-a,church
2,σι-δη-ρο-δρο-μι-κός,si-thi-ro-thro-mi-KOS,railway
2,λι-μά-νι,li-MA-ni,port
2,α-ε-ρο-δρό-μι-ο,a-e-ro-THRO-mi-o,airport
3,α-να-γκαι-ό-τη-τα,a-na-gke-O-ti-ta,necessity
3,δρα-στη-ρι-ό-τη-τα,thra-sti-ri-O-ti-ta,activity
3,συ-γκέν-τρω-ση,si-GEN-tro-si,concentration
3,αυ-το-κρα-το-ρί-α,af-to-kra-to-REE-a,empire
3,με-σο-γει-α-κός,me-so-yi-a-KOS,Mediterranean
3,δι-α-νό-η-ση,thi-a-NO-i-si,intellect
3,συ-νεί-δη-ση,si-NEE-thi-si,consciousness
3,α-πο-τε-λε-σμα-τι-κό-τη-τα,a-po-te-le-sma-ti-KO-ti-ta,effectiveness
3,α-να-πτυ-ξι-α-κός,a-na-pti-ksi-a-KOS,developmental
3,κα-τα-σκευ-α-στι-κός,ka-ta-skef-a-sti-KOS,constructive
3,ε-πι-χει-ρη-μα-τι-κός,e-pi-khi-ri-ma-ti-KOS,entrepreneurial
3,πα-ρα-δο-σι-α-κός,pa-ra-tho-si-a-KOS,traditional
3,συ-γχρο-νι-σμός,si-khro-ni-SMOS,synchronization
3,δι-α-φο-ρο-ποί-η-ση,thi-a-fo-ro-pi-i-si,differentiation
3,ε-ξει-δί-κευ-ση,e-ksi-THEE-kef-si,specialization
3,ο-ρ-γά-νω-ση,or-GA-no-si,organization
3,προ-γραμ-μα-τι-σμός,pro-gra-ma-ti-SMOS,programming
3,δι-οί-κη-ση,thi-EE-ki-si,administration
3,δι-αχεί-ρι-ση,thi-a-khee-ri-si,management
3,συ-νερ-γα-σί-α,si-ner-ga-SEE-a,collaboration
3,α-να-λυ-τι-κό-τη-τα,a-na-li-ti-KO-ti-ta,analyticity
3,δη-μι-ουρ-γι-κό-τη-τα,thi-mi-ur-yi-KO-ti-ta,creativity
3,κα-ι-νο-το-μί-α,ke-no-to-MEE-a,innovation
3,προ-σαρ-μο-στι-κό-τη-τα,pro-sar-mo-sti-KO-ti-ta,adaptability
3,α-ξι-ο-πι-στί-α,a-ksi-o-pi-STEE-a,reliability
3,α-πο-δο-τι-κό-τη-τα,a-po-tho-ti-KO-ti-ta,efficiency
3,προ-τε-ραι-ό-τη-τα,pro-te-re-O-ti-ta,priority
3,ε-πι-κοι-νω-νί-α,e-pi-ki-no-NEE-a,communication
3,δι-α-πραγ-μά-τευ-ση,thi-a-prag-MA-tef-si,negotiation
3,συμ-βου-λευ-τι-κή,sim-vu-lef-ti-KEE,consulting
3,στρα-τη-γι-κή,stra-ti-yi-KEE,strategy
3,τα-κτι-κή,ta-kti-KEE,tactics
3,μεθο-δο-λο-γί-α,me-tho-tho-lo-YEE-a,methodology
3,θε-ω-ρη-τι-κός,the-o-ri-ti-KOS,theoretical
3,πρα-κτι-κός,pra-kti-KOS,practical
3,ε-μπει-ρι-κός,e-bi-ri-KOS,empirical
3,ε-πι-στη-μο-νι-κός,e-pi-sti-mo-ni-KOS,scientific
3,τε-χνο-λο-γι-κός,te-khno-lo-yi-KOS,technological
3,ψη-φι-α-κός,psi-fi-a-KOS,digital
3,η-λε-κτρο-νι-κός,i-le-ktro-ni-KOS,electronic
3,αυ-το-μα-το-ποί-η-ση,af-to-ma-to-pi-i-si,automation
3,τε-χνη-τή,te-khni-TEE,artificial
3,νο-η-μο-σύ-νη,no-i-mo-SI-ni,intelligence
3,βι-ω-σι-μό-τη-τα,vi-o-si-MO-ti-ta,sustainability
3,ε-κβι-ο-μή-χα-νι-ση,e-kvi-o-mi-KHA-ni-si,industrialization
3,πα-γκο-σμι-ο-ποί-η-ση,pa-go-smi-o-pi-i-si,globalization
3,δι-ε-θνο-ποί-η-ση,thi-e-thno-pi-i-si,internationalization
3,πο-λυ-πο-λι-τι-σμι-κός,po-li-po-li-ti-smi-KOS,multicultural
3,δια-πο-λι-τι-σμι-κός,thi-a-po-li-ti-smi-KOS,intercultural
3,γεω-πο-λι-τι-κή,yeo-po-li-ti-KEE,geopolitics
3,γεω-στρα-τη-γι-κή,yeo-stra-ti-yi-KEE,geostrategic
3,δι-πλω-μα-τί-α,thi-plo-ma-TEE-a,diplomacy
4,δι-α-φο-ρε-τι-κό-τη-τα,thi-a-fo-re-ti-KO-ti-ta,diversity
4,αν-τι-προ-σω-πευ-τι-κός,an-ti-pro-so-pef-ti-KOS,representative
4,χα-ρα-κτη-ρι-στι-κά,kha-rak-ti-ri-sti-KA,characteristics
4,συ-στη-μα-τι-κό-τη-τα,si-sti-ma-ti-KO-ti-ta,systematicity
4,πε-ρι-πλο-κό-τη-τα,pe-ri-plo-KO-ti-ta,complexity
4,α-πο-τε-λε-σμα-τι-κό-τη-τα,a-po-te-le-sma-ti-KO-ti-ta,effectiveness
4,συ-νε-πι-βάλ-λου-σα,si-ne-pi-VA-lu-sa,consequential
4,πα-ρα-δει-γμα-τι-κό-τη-τα,pa-ra-thig-ma-ti-KO-ti-ta,exemplarity
4,ε-πι-χει-ρη-μα-τι-κό-τη-τα,e-pi-khi-ri-ma-ti-KO-ti-ta,entrepreneurship
4,δι-α-φο-ρο-ποί-η-ση,thi-a-fo-ro-pi-i-si,differentiation
4,ε-ξει-δί-κευ-ση,e-ksi-THEE-kef-si,specialization
4,πολυ-δι-α-στα-τι-κό-τη-τα,po-li-thi-a-sta-ti-KO-ti-ta,multidimensionality
4,δι-α-συν-δε-σι-μό-τη-τα,thi-a-sin-the-si-MO-ti-ta,interconnectedness
4,αλ-λη-λε-ξάρ-τη-ση,a-li-le-KSAR-ti-si,interdependence
4,συ-μπλη-ρω-μα-τι-κό-τη-τα,si-bli-ro-ma-ti-KO-ti-ta,complementarity
4,α-πο-κέν-τρω-ση,a-po-KEN-tro-si,decentralization
4,δι-α-φά-νει-α,thi-a-FA-ni-a,transparency
4,λο-γο-δο-σί-α,lo-go-tho-SEE-a,accountability
4,δι-α-κυ-βέρ-νη-ση,thi-a-ki-VER-ni-si,governance
4,συ-μμε-το-χι-κό-τη-τα,si-me-to-khi-KO-ti-ta,participatory
4,συ-νερ-γα-τι-κό-τη-τα,si-ner-ga-ti-KO-ti-ta,collaborativeness
4,πε-ρι-κλει-στι-κό-τη-τα,pe-ri-kli-sti-KO-ti-ta,inclusiveness
4,πολυ-συλ-λε-κτι-κό-τη-τα,po-li-si-le-kti-KO-ti-ta,multiculturalism
4,δι-α-γε-νεα-κό-τη-τα,thi-a-ye-ne-a-KO-ti-ta,intergenerational
4,βι-ω-σι-μό-τη-τα,vi-o-si-MO-ti-ta,sustainability
4,α-να-γεν-νη-σι-μό-τη-τα,a-na-ye-ni-si-MO-ti-ta,renewability
4,πε-ρι-βαλ-λο-ντι-κή,pe-ri-va-lo-nti-KEE,environmental
4,οι-κο-λο-γι-κή,i-ko-lo-yi-KEE,ecological
4,κλι-μα-τι-κή,kli-ma-ti-KEE,climatic
4,μετα-κλι-μα-τι-κή,me-ta-kli-ma-ti-KEE,post-climate
4,αν-θρω-πο-κε-ντρι-κός,an-thro-po-ke-ntri-KOS,anthropocentric
4,βι-ο-κε-ντρι-κός,vi-o-ke-ntri-KOS,biocentric
4,οι-κο-κε-ντρι-κός,i-ko-ke-ntri-KOS,ecocentric
4,ο-λι-στι-κός,o-li-sti-KOS,holistic
4,συ-στη-μι-κός,si-sti-mi-KOS,systemic
4,δι-α-θε-μα-τι-κός,thi-a-the-ma-ti-KOS,interdisciplinary
4,πο-λυ-πα-ρα-δειγ-μα-τι-κός,po-li-pa-ra-thig-ma-ti-KOS,multiparadigmatic
4,με-τα-σύγ-χρο-νος,me-ta-SI-khro-nos,postmodern
4,πα-ρα-δει-γμα-τι-κή,pa-ra-thig-ma-ti-KEE,paradigmatic
4,ε-πι-στη-μο-λο-γι-κή,e-pi-sti-mo-lo-yi-KEE,epistemological
4,ον-το-λο-γι-κή,o-nto-lo-yi-KEE,ontological
4,φαι-νο-με-νο-λο-γι-κή,fe-no-me-no-lo-yi-KEE,phenomenological
4,ερ-μη-νευ-τι-κή,er-mi-nef-ti-KEE,hermeneutic
4,δι-α-λε-κτι-κή,thi-a-le-kti-KEE,dialectical
4,συν-θε-τι-κή,sin-the-ti-KEE,synthetic
4,α-να-λυ-τι-κή,a-na-li-ti-KEE,analytical
4,κρι-τι-κή,kri-ti-KEE,critical
4,ρι-ζο-σπα-στι-κή,ri-zo-spa-sti-KEE,radical
4,προ-ο-δευ-τι-κή,pro-o-thef-ti-KEE,progressive
4,συ-ντη-ρη-τι-κή,si-nti-ri-ti-KEE,conservative
4,τρα-δι-τι-ο-να-λι-στι-κή,tra-thi-ti-o-na-li-sti-KEE,traditionalist
4,μο-ντερ-νι-στι-κή,mo-nter-ni-sti-KEE,modernist
4,πο-στ-μο-ντερ-νι-στι-κή,post-mo-nter-ni-sti-KEE,postmodernist
4,κο-σμο-πο-λί-τι-κη,ko-smo-po-LEE-ti-ki,cosmopolitan
4,πα-τρι-ω-τι-κή,pa-tri-o-ti-KEE,patriotic
4,ε-θνι-κι-στι-κή,e-thni-ki-sti-KEE,nationalist
4,δι-ε-θνι-στι-κή,thi-e-thni-sti-KEE,internationalist